1,Member20,Shop2,Location1,2024-05-31 01:16:07,377.71,1,2024-05-31 18:16:07
2,Member94,Shop1,Location5,2024-06-01 05:50:07,122.57,1,2024-06-01 14:50:07
3,Member135,Shop2,Location5,2024-06-02 08:30:07,287.22,1,2024-06-03 03:30:07
4,Member7,Shop10,Location5,2024-06-04 15:45:07,136.76,1,2024-06-05 13:45:07
5,Member184,Shop9,Location3,2024-06-06 00:28:07,122.7,1,2024-06-06 15:28:07
6,Member85,Shop8,Location2,2024-06-08 05:47:07,185.64,0,
7,Member49,Shop2,Location5,2024-06-11 08:30:07,279.49,0,
8,Member172,Shop1,Location2,2024-06-12 11:49:07,196.62,0,
9,Member84,Shop6,Location2,2024-06-16 00:07:07,63.19,0,
10,Member24,Shop5,Location5,2024-06-19 01:44:07,50.54,1,2024-06-19 12:44:07
11,Member100,Shop3,Location2,2024-06-21 09:14:07,801.54,1,2024-06-22 01:14:07
12,Member156,Shop4,Location1,2024-06-22 19:47:07,388.96,0,
13,Member21,Shop7,Location3,2024-06-24 05:05:07,381.57,1,2024-06-24 22:05:07
14,Member116,Shop7,Location4,2024-06-25 12:50:07,278.98,1,2024-06-26 07:50:07
15,Member104,Shop10,Location4,2024-06-28 20:26:07,197.64,0,
16,Member76,Shop6,Location5,2024-06-30 03:40:07,381.52,0,
17,Member33,Shop1,Location1,2024-07-03 15:26:07,185.96,1,2024-07-04 00:26:07
18,Member192,Shop4,Location1,2024-07-04 22:59:07,70.42,0,
19,Member196,Shop5,Location2,2024-07-06 03:12:07,463.96,1,2024-07-06 23:12:07
20,Member92,Shop2,Location2,2024-07-07 14:01:07,256.39,0,
21,Member88,Shop8,Location2,2024-07-08 22:37:07,241.8,0,
22,Member187,Shop4,Location5,2024-07-10 02:08:07,512.79,0,
23,Member43,Shop4,Location2,2024-07-11 04:24:07,97.48,0,
24,Member144,Shop4,Location5,2024-07-13 08:16:07,564.08,1,2024-07-13 17:16:07
25,Member109,Shop10,Location2,2024-07-16 19:45:07,467.7,0,
26,Member31,Shop9,Location2,2024-07-20 02:23:07,468.89,1,2024-07-20 11:23:07
27,Member67,Shop3,Location5,2024-07-23 06:15:07,133.67,1,2024-07-24 05:15:07
28,Member131,Shop10,Location4,2024-07-26 16:43:07,317.77,1,2024-07-27 02:43:07
29,Member20,Shop1,Location2,2024-07-28 21:08:07,867.76,0,
30,Member190,Shop8,Location1,2024-07-31 01:26:07,382.5,1,2024-07-31 19:26:07
31,Member138,Shop2,Location2,2024-08-03 06:09:07,407.2,1,2024-08-04 03:09:07
32,Member3,Shop3,Location4,2024-08-04 07:33:07,326.8,1,2024-08-05 01:33:07
33,Member7,Shop7,Location3,2024-08-06 14:54:07,291.27,1,2024-08-06 23:54:07
34,Member10,Shop7,Location5,2024-08-08 22:41:07,200.79,0,
35,Member60,Shop5,Location5,2024-08-12 11:17:07,88.68,0,
36,Member7,Shop10,Location1,2024-08-15 23:12:07,285.37,1,2024-08-16 05:12:07
37,Member42,Shop2,Location1,2024-08-19 01:34:07,321.9,1,2024-08-19 23:34:07
38,Member181,Shop9,Location5,2024-08-21 05:29:07,433.71,1,2024-08-21 07:29:07
39,Member106,Shop2,Location4,2024-08-23 07:23:07,401.84,1,2024-08-24 07:23:07
40,Member112,Shop2,Location3,2024-08-25 13:18:07,520.08,0,
41,Member86,Shop3,Location1,2024-08-28 18:42:07,170.7,0,
42,Member9,Shop8,Location3,2024-08-31 03:13:07,372.92,1,2024-08-31 03:13:07
43,Member94,Shop4,Location4,2024-09-03 09:51:07,233.12,1,2024-09-04 08:51:07
44,Member32,Shop3,Location3,2024-09-05 11:26:07,443.09,1,2024-09-06 04:26:07
45,Member142,Shop4,Location5,2024-09-06 17:55:07,231.7,1,2024-09-07 14:55:07
46,Member151,Shop10,Location1,2024-09-10 05:37:07,203.4,1,2024-09-10 16:37:07
47,Member78,Shop10,Location2,2024-09-11 12:16:07,425.8,0,
48,Member15,Shop7,Location3,2024-09-12 16:58:07,11.17,0,
49,Member81,Shop6,Location2,2024-09-14 01:15:07,179.72,1,2024-09-14 23:15:07
50,Member122,Shop5,Location1,2024-09-16 09:46:07,335.26,1,2024-09-16 19:46:07
51,Member7,Shop3,Location5,2024-09-17 17:36:07,933.57,1,2024-09-18 15:36:07
52,Member85,Shop10,Location2,2024-09-19 01:10:07,145.02,1,2024-09-19 13:10:07
53,Member162,Shop6,Location2,2024-09-22 07:49:07,20.68,1,2024-09-22 19:49:07
54,Member26,Shop3,Location5,2024-09-24 17:14:07,116.44,0,
55,Member13,Shop1,Location4,2024-09-26 19:56:07,354.08,1,2024-09-27 06:56:07
56,Member4,Shop1,Location2,2024-09-28 22:53:07,100.72,1,2024-09-29 17:53:07
57,Member149,Shop2,Location2,2024-10-02 08:12:07,460.05,1,2024-10-02 20:12:07
58,Member190,Shop5,Location5,2024-10-04 10:42:07,678.0,1,2024-10-04 19:42:07
59,Member171,Shop1,Location5,2024-10-06 19:52:07,508.75,1,2024-10-07 07:52:07
60,Member61,Shop5,Location1,2024-10-09 01:50:07,272.86,0,
61,Member153,Shop3,Location5,2024-10-11 13:03:07,135.07,0,
62,Member1,Shop9,Location5,2024-10-14 19:55:07,274.07,1,2024-10-15 02:55:07
63,Member167,Shop6,Location4,2024-10-18 06:26:07,369.27,0,
64,Member103,Shop3,Location5,2024-10-19 16:44:07,167.4,1,2024-10-20 13:44:07
65,Member23,Shop7,Location3,2024-10-21 01:36:07,370.26,1,2024-10-21 10:36:07
66,Member52,Shop7,Location2,2024-10-22 08:58:07,300.49,1,2024-10-23 01:58:07
67,Member172,Shop2,Location5,2024-10-23 20:48:07,590.77,0,
68,Member127,Shop2,Location3,2024-10-27 07:01:07,178.4,0,
69,Member77,Shop6,Location1,2024-10-29 18:11:07,717.66,1,2024-10-30 15:11:07
70,Member156,Shop4,Location3,2024-11-02 06:38:07,31.92,0,
71,Member177,Shop6,Location3,2024-11-04 11:54:07,442.7,1,2024-11-04 15:54:07
72,Member1,Shop6,Location4,2024-11-06 17:28:07,72.22,0,
73,Member166,Shop8,Location4,2024-11-09 19:24:07,65.72,1,2024-11-10 05:24:07
74,Member103,Shop6,Location5,2024-11-11 03:44:07,69.33,0,
75,Member7,Shop6,Location5,2024-11-14 13:06:07,231.52,1,2024-11-15 00:06:07
76,Member109,Shop9,Location1,2024-11-17 15:22:07,158.76,1,2024-11-18 09:22:07
77,Member109,Shop6,Location1,2024-11-18 16:46:07,222.21,0,
78,Member28,Shop4,Location1,2024-11-20 02:23:07,144.58,1,2024-11-20 13:23:07
79,Member60,Shop10,Location5,2024-11-22 14:46:07,348.61,0,
80,Member110,Shop3,Location3,2024-11-24 03:02:07,296.6,0,
81,Member16,Shop5,Location2,2024-11-26 08:12:07,198.42,0,
82,Member101,Shop7,Location1,2024-11-28 19:06:07,216.96,1,2024-11-29 00:06:07
83,Member149,Shop8,Location5,2024-11-30 05:44:07,771.96,1,2024-11-30 19:44:07
84,Member178,Shop10,Location1,2024-12-03 09:16:07,268.82,1,2024-12-03 13:16:07
85,Member177,Shop9,Location4,2024-12-04 14:29:07,435.33,0,
86,Member92,Shop10,Location1,2024-12-05 22:00:07,430.99,0,
87,Member109,Shop1,Location1,2024-12-08 03:30:07,622.41,1,2024-12-08 15:30:07
88,Member162,Shop7,Location2,2024-12-11 11:08:07,20.68,0,
89,Member75,Shop5,Location5,2024-12-14 18:50:07,434.25,0,
90,Member29,Shop8,Location4,2024-12-16 23:20:07,258.54,0,
91,Member65,Shop4,Location5,2024-12-19 07:19:07,370.42,1,2024-12-19 21:19:07
92,Member39,Shop4,Location3,2024-12-21 16:30:07,152.24,0,
93,Member80,Shop5,Location2,2024-12-24 17:59:07,172.52,1,2024-12-25 02:59:07
94,Member177,Shop7,Location1,2024-12-25 23:16:07,184.89,1,2024-12-25 23:16:07
95,Member194,Shop3,Location4,2024-12-28 02:15:07,416.69,1,2024-12-28 02:15:07
96,Member54,Shop2,Location5,2024-12-29 14:36:07,150.16,1,2024-12-29 20:36:07
97,Member105,Shop1,Location4,2024-12-30 18:00:07,489.23,1,2024-12-31 05:00:07
98,Member131,Shop6,Location1,2025-01-01 21:25:07,317.77,0,
99,Member41,Shop4,Location1,2025-01-05 05:03:07,262.91,1,2025-01-05 19:03:07
100,Member65,Shop5,Location2,2025-01-08 11:52:07,287.42,1,2025-01-08 16:52:07
101,Member17,Shop8,Location3,2025-01-12 00:11:07,275.93,1,2025-01-12 03:11:07
102,Member179,Shop7,Location5,2025-01-14 04:27:07,152.38,0,
103,Member181,Shop3,Location2,2025-01-16 13:27:07,104.46,1,2025-01-17 08:27:07
104,Member52,Shop6,Location2,2025-01-19 22:53:07,89.2,1,2025-01-20 21:53:07
105,Member30,Shop5,Location2,2025-01-21 04:28:07,339.12,0,
106,Member124,Shop2,Location5,2025-01-22 14:51:07,463.9,0,
107,Member62,Shop6,Location4,2025-01-25 03:19:07,174.63,0,
108,Member13,Shop9,Location3,2025-01-26 12:12:07,372.72,0,
109,Member132,Shop9,Location1,2025-01-28 18:10:07,282.12,0,
110,Member3,Shop3,Location5,2025-01-30 21:03:07,242.32,0,
111,Member200,Shop7,Location3,2025-02-01 05:50:07,184.56,0,
112,Member38,Shop9,Location2,2025-02-02 14:06:07,230.08,1,2025-02-02 22:06:07
113,Member186,Shop6,Location1,2025-02-06 03:00:07,317.34,0,
114,Member126,Shop1,Location5,2025-02-07 15:45:07,696.54,1,2025-02-07 23:45:07
115,Member34,Shop10,Location3,2025-02-10 18:56:07,44.2,0,
116,Member119,Shop3,Location2,2025-02-14 04:32:07,488.13,1,2025-02-14 16:32:07
117,Member122,Shop1,Location2,2025-02-15 11:13:07,257.25,0,
118,Member140,Shop2,Location3,2025-02-16 13:42:07,277.43,1,2025-02-16 15:42:07
119,Member198,Shop3,Location1,2025-02-17 18:16:07,60.83,1,2025-02-18 13:16:07
120,Member86,Shop1,Location2,2025-02-20 03:38:07,41.85,1,2025-02-21 00:38:07
121,Member45,Shop2,Location2,2025-02-21 06:58:07,135.52,0,
122,Member83,Shop6,Location4,2025-02-23 16:39:07,767.04,0,
123,Member114,Shop3,Location4,2025-02-25 19:56:07,47.26,1,2025-02-26 15:56:07
124,Member43,Shop5,Location4,2025-03-01 00:45:07,380.29,0,
125,Member46,Shop3,Location1,2025-03-03 05:43:07,231.19,1,2025-03-04 02:43:07
126,Member160,Shop4,Location2,2025-03-05 16:40:07,24.52,1,2025-03-05 19:40:07
127,Member57,Shop6,Location2,2025-03-07 18:38:07,152.58,0,
128,Member187,Shop6,Location4,2025-03-10 06:53:07,183.65,0,
129,Member152,Shop10,Location5,2025-03-12 19:03:07,84.71,1,2025-03-13 08:03:07
130,Member80,Shop8,Location3,2025-03-14 23:41:07,378.0,1,2025-03-15 18:41:07
131,Member168,Shop2,Location5,2025-03-16 07:26:07,69.5,1,2025-03-16 22:26:07
132,Member96,Shop1,Location3,2025-03-18 14:49:07,338.52,1,2025-03-18 19:49:07
133,Member28,Shop8,Location2,2025-03-20 19:06:07,94.12,1,2025-03-21 18:06:07
134,Member143,Shop10,Location5,2025-03-23 22:50:07,383.84,0,
135,Member145,Shop3,Location3,2025-03-25 01:42:07,33.04,0,
136,Member190,Shop9,Location1,2025-03-27 12:21:07,717.48,1,2025-03-28 05:21:07
137,Member48,Shop5,Location4,2025-03-28 17:52:07,332.14,1,2025-03-28 17:52:07
138,Member68,Shop8,Location2,2025-03-30 00:11:07,24.76,0,
139,Member178,Shop6,Location4,2025-04-01 11:29:07,85.8,0,
140,Member10,Shop3,Location5,2025-04-02 22:08:07,179.04,1,2025-04-03 15:08:07
141,Member158,Shop6,Location3,2025-04-06 06:41:07,327.85,0,
142,Member45,Shop8,Location3,2025-04-09 14:07:07,271.11,0,
143,Member144,Shop8,Location2,2025-04-12 22:41:07,146.72,0,
144,Member197,Shop6,Location4,2025-04-14 11:17:07,59.96,1,2025-04-15 03:17:07
145,Member9,Shop10,Location2,2025-04-16 20:55:07,336.82,1,2025-04-17 13:55:07
146,Member60,Shop1,Location4,2025-04-20 01:44:07,30.9,0,
147,Member69,Shop5,Location3,2025-04-22 11:31:07,342.47,0,
148,Member37,Shop2,Location3,2025-04-24 21:01:07,397.91,1,2025-04-25 14:01:07
149,Member168,Shop1,Location4,2025-04-28 06:23:07,553.48,1,2025-04-29 03:23:07
150,Member22,Shop10,Location3,2025-04-29 10:55:07,55.28,1,2025-04-30 06:55:07
151,Member132,Shop4,Location1,2025-04-30 13:14:07,497.37,0,
152,Member47,Shop6,Location2,2025-05-02 00:32:07,545.99,1,2025-05-02 06:32:07
153,Member3,Shop8,Location4,2025-05-04 04:10:07,249.69,1,2025-05-05 04:10:07
154,Member76,Shop6,Location3,2025-05-05 10:48:07,316.11,0,
155,Member123,Shop8,Location2,2025-05-06 15:04:07,285.28,0,
156,Member134,Shop10,Location1,2025-05-08 03:15:07,172.18,0,
157,Member119,Shop4,Location3,2025-05-10 12:37:07,144.98,0,
158,Member167,Shop6,Location2,2025-05-11 22:56:07,583.84,1,2025-05-12 13:56:07
159,Member188,Shop9,Location2,2025-05-13 07:52:07,215.28,1,2025-05-14 05:52:07
160,Member141,Shop5,Location1,2025-05-16 11:27:07,229.56,0,
161,Member182,Shop5,Location2,2025-05-18 13:01:07,362.89,1,2025-05-19 05:01:07
162,Member60,Shop8,Location4,2025-05-21 19:27:07,527.75,0,
163,Member24,Shop3,Location3,2025-05-23 01:03:07,280.44,1,2025-05-23 18:03:07
164,Member81,Shop1,Location4,2025-05-26 11:15:07,477.49,0,
165,Member131,Shop5,Location2,2025-05-28 21:32:07,235.92,1,2025-05-29 16:32:07
166,Member97,Shop4,Location5,2025-05-30 03:32:07,86.26,1,2025-05-31 02:32:07
167,Member43,Shop1,Location5,2025-05-31 15:18:07,339.78,1,2025-06-01 03:18:07
168,Member182,Shop8,Location5,2025-06-02 02:04:07,65.96,0,
169,Member131,Shop6,Location4,2025-06-05 12:37:07,121.75,1,2025-06-05 13:37:07
170,Member101,Shop9,Location5,2025-06-08 14:18:07,402.48,0,
171,Member74,Shop4,Location3,2025-06-12 02:43:07,190.46,1,2025-06-12 21:43:07
172,Member97,Shop1,Location2,2025-06-13 11:27:07,609.43,1,2025-06-13 21:27:07
173,Member24,Shop6,Location4,2025-06-15 14:17:07,104.46,1,2025-06-15 15:17:07
174,Member31,Shop1,Location5,2025-06-18 01:08:07,301.05,1,2025-06-18 10:08:07
175,Member142,Shop3,Location5,2025-06-20 12:38:07,478.7,0,
176,Member154,Shop4,Location1,2025-06-23 23:55:07,53.04,1,2025-06-24 18:55:07
177,Member113,Shop5,Location5,2025-06-25 11:08:07,282.92,0,
178,Member189,Shop6,Location4,2025-06-27 12:25:07,388.14,1,2025-06-28 02:25:07
179,Member134,Shop2,Location3,2025-06-29 23:48:07,118.53,0,
180,Member34,Shop5,Location3,2025-07-02 05:59:07,499.16,0,
181,Member164,Shop7,Location5,2025-07-05 12:48:07,224.65,0,
182,Member92,Shop7,Location1,2025-07-06 23:05:07,588.39,1,2025-07-07 12:05:07
183,Member77,Shop8,Location1,2025-07-09 08:03:07,94.54,0,
184,Member21,Shop10,Location2,2025-07-12 19:50:07,407.62,0,
185,Member121,Shop6,Location5,2025-07-15 03:08:07,188.96,0,
186,Member138,Shop6,Location5,2025-07-18 15:27:07,259.32,0,
187,Member184,Shop4,Location3,2025-07-22 01:27:07,252.66,0,
188,Member148,Shop10,Location3,2025-07-23 14:11:07,601.01,1,2025-07-23 17:11:07
189,Member23,Shop1,Location4,2025-07-26 02:34:07,557.35,1,2025-07-27 02:34:07
190,Member75,Shop10,Location4,2025-07-29 07:55:07,290.37,0,
191,Member176,Shop9,Location3,2025-07-31 10:06:07,459.22,0,
192,Member149,Shop10,Location5,2025-08-02 12:39:07,165.06,0,
193,Member158,Shop6,Location2,2025-08-05 22:28:07,175.18,0,
194,Member132,Shop2,Location4,2025-08-07 06:06:07,49.88,0,
195,Member54,Shop5,Location5,2025-08-10 17:23:07,197.74,1,2025-08-11 01:23:07
196,Member59,Shop3,Location1,2025-08-13 03:12:07,238.14,0,
197,Member34,Shop7,Location1,2025-08-16 08:44:07,44.58,0,
198,Member74,Shop6,Location4,2025-08-18 16:31:07,548.42,0,
199,Member121,Shop5,Location4,2025-08-21 01:11:07,92.46,0,
200,Member87,Shop5,Location1,2025-08-23 04:25:07,351.21,0,
201,Member163,Shop6,Location3,2025-08-24 14:18:07,89.84,0,
202,Member175,Shop10,Location5,2025-08-26 21:38:07,682.65,1,2025-08-27 05:38:07
203,Member81,Shop5,Location5,2025-08-30 00:03:07,814.06,0,
204,Member141,Shop7,Location5,2025-09-01 09:29:07,61.89,1,2025-09-01 14:29:07
205,Member106,Shop6,Location2,2025-09-03 17:18:07,601.76,0,
206,Member114,Shop4,Location5,2025-09-05 22:50:07,306.22,1,2025-09-06 05:50:07
207,Member37,Shop9,Location1,2025-09-07 09:26:07,248.15,1,2025-09-08 04:26:07
208,Member149,Shop4,Location5,2025-09-08 13:13:07,345.85,0,
209,Member46,Shop4,Location2,2025-09-12 00:51:07,302.25,1,2025-09-12 19:51:07
210,Member47,Shop5,Location5,2025-09-13 05:32:07,616.15,1,2025-09-13 08:32:07
211,Member161,Shop1,Location3,2025-09-15 09:20:07,474.62,1,2025-09-16 03:20:07
212,Member185,Shop10,Location3,2025-09-17 15:42:07,534.94,1,2025-09-17 17:42:07
213,Member75,Shop9,Location4,2025-09-20 17:32:07,156.78,1,2025-09-21 02:32:07
214,Member183,Shop8,Location3,2025-09-22 21:54:07,162.86,1,2025-09-23 01:54:07
215,Member120,Shop8,Location4,2025-09-25 08:16:07,391.31,0,
216,Member168,Shop4,Location5,2025-09-28 18:32:07,151.02,0,
217,Member155,Shop7,Location2,2025-10-02 07:26:07,107.67,0,
218,Member135,Shop9,Location1,2025-10-04 13:07:07,392.96,0,
219,Member141,Shop8,Location4,2025-10-07 16:33:07,209.29,1,2025-10-08 14:33:07
220,Member172,Shop5,Location1,2025-10-08 20:15:07,377.52,0,
221,Member34,Shop9,Location2,2025-10-10 01:54:07,183.66,1,2025-10-10 06:54:07
222,Member10,Shop7,Location4,2025-10-13 11:33:07,97.88,0,
223,Member73,Shop8,Location2,2025-10-17 00:25:07,310.45,1,2025-10-17 05:25:07
224,Member12,Shop6,Location3,2025-10-19 12:00:07,417.01,0,
225,Member77,Shop10,Location1,2025-10-22 19:15:07,488.15,0,
226,Member42,Shop1,Location4,2025-10-25 20:38:07,568.41,1,2025-10-26 03:38:07
227,Member11,Shop4,Location5,2025-10-28 08:59:07,257.99,0,
228,Member34,Shop7,Location2,2025-10-29 11:33:07,471.4,1,2025-10-29 15:33:07
229,Member190,Shop4,Location5,2025-10-30 22:55:07,77.62,1,2025-10-31 09:55:07
230,Member13,Shop8,Location1,2025-11-02 04:52:07,573.87,1,2025-11-02 12:52:07
231,Member185,Shop3,Location2,2025-11-04 06:17:07,306.78,1,2025-11-05 05:17:07
232,Member102,Shop7,Location5,2025-11-07 07:51:07,81.74,0,
233,Member20,Shop10,Location1,2025-11-09 18:21:07,319.7,1,2025-11-10 07:21:07
234,Member100,Shop7,Location2,2025-11-10 23:46:07,496.9,1,2025-11-11 17:46:07
235,Member70,Shop5,Location3,2025-11-14 02:58:07,418.78,1,2025-11-14 19:58:07
236,Member35,Shop4,Location4,2025-11-15 14:33:07,571.05,0,
237,Member72,Shop9,Location3,2025-11-17 15:44:07,471.99,1,2025-11-17 16:44:07
238,Member88,Shop2,Location2,2025-11-19 01:14:07,297.55,1,2025-11-19 01:14:07
239,Member157,Shop9,Location1,2025-11-22 09:39:07,63.21,0,
240,Member79,Shop4,Location3,2025-11-25 20:56:07,106.74,0,
241,Member65,Shop9,Location2,2025-11-28 23:29:07,85.26,0,
242,Member171,Shop10,Location1,2025-12-02 04:54:07,272.45,1,2025-12-02 21:54:07
243,Member51,Shop1,Location1,2025-12-04 14:30:07,265.89,0,
244,Member170,Shop3,Location4,2025-12-06 16:20:07,113.56,1,2025-12-06 22:20:07
245,Member146,Shop7,Location1,2025-12-07 22:01:07,48.2,0,
246,Member148,Shop6,Location2,2025-12-09 10:23:07,115.05,1,2025-12-10 08:23:07
247,Member91,Shop9,Location5,2025-12-11 18:09:07,379.23,1,2025-12-11 19:09:07
248,Member30,Shop4,Location1,2025-12-15 06:23:07,755.31,0,
249,Member8,Shop7,Location4,2025-12-17 13:47:07,442.9,1,2025-12-18 09:47:07
250,Member94,Shop7,Location4,2025-12-19 18:08:07,397.77,0,
251,Member146,Shop8,Location3,2025-12-22 02:42:07,428.41,1,2025-12-23 00:42:07
252,Member128,Shop7,Location3,2025-12-25 09:34:07,132.08,0,
253,Member143,Shop9,Location2,2025-12-26 22:13:07,448.02,0,
254,Member3,Shop10,Location5,2025-12-28 00:13:07,577.26,1,2025-12-28 15:13:07
255,Member22,Shop7,Location4,2025-12-31 06:03:07,495.93,0,
256,Member141,Shop5,Location2,2026-01-01 09:13:07,466.22,0,
257,Member54,Shop8,Location1,2026-01-03 15:02:07,434.16,0,
258,Member112,Shop3,Location5,2026-01-04 17:24:07,278.37,0,
259,Member91,Shop2,Location5,2026-01-07 22:41:07,314.99,1,2026-01-08 11:41:07
260,Member130,Shop7,Location2,2026-01-08 23:57:07,76.26,1,2026-01-09 14:57:07
261,Member151,Shop2,Location3,2026-01-11 09:07:07,126.78,1,2026-01-11 11:07:07
262,Member144,Shop2,Location4,2026-01-14 10:36:07,289.07,0,
263,Member104,Shop5,Location3,2026-01-15 19:46:07,290.83,1,2026-01-15 23:46:07
264,Member195,Shop7,Location5,2026-01-18 22:40:07,259.92,1,2026-01-19 16:40:07
265,Member61,Shop2,Location5,2026-01-20 06:13:07,30.9,1,2026-01-20 18:13:07
266,Member168,Shop2,Location4,2026-01-22 17:42:07,315.32,0,
267,Member32,Shop2,Location5,2026-01-24 06:21:07,377.73,0,
268,Member154,Shop5,Location3,2026-01-27 10:47:07,85.8,0,
269,Member179,Shop6,Location2,2026-01-29 19:34:07,284.19,1,2026-01-30 09:34:07
270,Member44,Shop6,Location4,2026-01-31 05:06:07,669.95,0,
271,Member149,Shop10,Location5,2026-02-02 12:50:07,132.6,1,2026-02-02 23:50:07
272,Member5,Shop2,Location4,2026-02-05 22:10:07,258.96,0,
273,Member12,Shop6,Location2,2026-02-07 04:50:07,99.21,1,2026-02-07 15:50:07
274,Member137,Shop2,Location1,2026-02-09 09:41:07,704.11,1,2026-02-10 00:41:07
275,Member38,Shop6,Location2,2026-02-12 19:13:07,182.49,0,
276,Member155,Shop2,Location3,2026-02-14 06:05:07,565.9,1,2026-02-15 02:05:07
277,Member150,Shop10,Location1,2026-02-17 16:40:07,498.66,0,
278,Member72,Shop9,Location4,2026-02-21 03:12:07,249.28,1,2026-02-21 11:12:07
279,Member67,Shop6,Location2,2026-02-22 12:55:07,316.5,0,
280,Member156,Shop9,Location1,2026-02-23 18:07:07,115.41,0,
281,Member53,Shop9,Location4,2026-02-27 06:47:07,566.92,0,
282,Member109,Shop4,Location1,2026-03-02 19:24:07,322.24,0,
283,Member183,Shop3,Location2,2026-03-06 02:17:07,95.26,1,2026-03-07 02:17:07
284,Member170,Shop3,Location1,2026-03-07 11:35:07,521.34,0,
285,Member181,Shop7,Location2,2026-03-10 23:58:07,225.51,1,2026-03-11 14:58:07
286,Member155,Shop9,Location3,2026-03-12 08:18:07,141.78,1,2026-03-12 21:18:07
287,Member195,Shop4,Location1,2026-03-14 18:09:07,180.52,1,2026-03-15 08:09:07
288,Member2,Shop4,Location1,2026-03-18 03:48:07,176.29,0,
289,Member65,Shop1,Location4,2026-03-19 14:25:07,471.99,1,2026-03-20 07:25:07
290,Member4,Shop6,Location5,2026-03-21 22:16:07,53.04,1,2026-03-22 06:16:07
291,Member71,Shop2,Location4,2026-03-23 23:27:07,75.08,1,2026-03-24 21:27:07
292,Member44,Shop10,Location5,2026-03-25 05:15:07,381.61,1,2026-03-25 11:15:07
293,Member140,Shop5,Location4,2026-03-27 17:54:07,537.22,0,
294,Member53,Shop1,Location5,2026-03-31 01:10:07,367.65,0,
295,Member22,Shop10,Location3,2026-04-01 05:24:07,248.7,0,
296,Member75,Shop8,Location4,2026-04-03 18:15:07,424.88,0,
297,Member185,Shop9,Location4,2026-04-05 20:57:07,297.63,1,2026-04-06 16:57:07
298,Member64,Shop9,Location3,2026-04-08 03:38:07,336.49,1,2026-04-08 03:38:07
299,Member125,Shop5,Location5,2026-04-10 08:38:07,651.99,1,2026-04-11 00:38:07
300,Member19,Shop3,Location1,2026-04-11 18:37:07,217.13,1,2026-04-11 21:37:07
301,Member181,Shop7,Location1,2026-04-14 20:30:07,670.06,1,2026-04-15 07:30:07
302,Member89,Shop1,Location1,2026-04-17 07:56:07,96.53,1,2026-04-17 17:56:07
303,Member81,Shop9,Location3,2026-04-18 12:50:07,342.22,0,
304,Member121,Shop2,Location2,2026-04-19 23:24:07,525.05,1,2026-04-20 11:24:07
305,Member142,Shop2,Location3,2026-04-22 03:38:07,363.61,0,
306,Member22,Shop3,Location1,2026-04-23 11:35:07,330.83,0,
307,Member35,Shop3,Location2,2026-04-25 19:57:07,106.56,1,2026-04-26 09:57:07
308,Member163,Shop7,Location4,2026-04-28 05:18:07,602.8,1,2026-04-29 01:18:07
309,Member138,Shop6,Location4,2026-05-01 15:33:07,166.56,0,
310,Member161,Shop3,Location2,2026-05-02 17:49:07,204.59,1,2026-05-03 05:49:07
311,Member166,Shop6,Location5,2026-05-04 02:48:07,445.85,0,
312,Member131,Shop3,Location2,2026-05-07 07:30:07,124.92,0,
313,Member175,Shop4,Location4,2026-05-08 11:00:07,485.4,0,
314,Member109,Shop7,Location2,2026-05-09 14:36:07,525.63,0,
315,Member176,Shop6,Location1,2026-05-11 20:46:07,535.93,0,
316,Member44,Shop4,Location3,2026-05-13 23:43:07,386.39,0,
317,Member55,Shop6,Location4,2026-05-16 04:59:07,142.2,1,2026-05-17 02:59:07
318,Member117,Shop10,Location2,2026-05-18 11:54:07,451.78,1,2026-05-18 13:54:07
319,Member13,Shop5,Location4,2026-05-19 18:32:07,300.84,0,
320,Member77,Shop5,Location4,2026-05-20 21:15:07,586.84,0,
321,Member30,Shop4,Location5,2026-05-22 07:01:07,483.69,1,2026-05-22 12:01:07
322,Member150,Shop5,Location4,2026-05-25 18:46:07,448.41,0,
323,Member120,Shop10,Location2,2026-05-27 20:05:07,417.6,1,2026-05-28 02:05:07
324,Member96,Shop7,Location2,2026-05-29 04:59:07,249.14,1,2026-05-29 04:59:07
325,Member179,Shop1,Location1,2026-06-01 11:10:07,348.03,0,
326,Member162,Shop8,Location3,2026-06-03 14:54:07,280.42,1,2026-06-03 22:54:07
327,Member72,Shop5,Location1,2026-06-05 19:23:07,518.93,1,2026-06-05 23:23:07
328,Member62,Shop2,Location4,2026-06-08 04:08:07,82.12,0,
329,Member95,Shop1,Location5,2026-06-11 07:36:07,477.83,1,2026-06-12 02:36:07
330,Member148,Shop5,Location3,2026-06-12 11:11:07,417.9,1,2026-06-12 23:11:07
331,Member106,Shop6,Location1,2026-06-13 13:04:07,88.44,1,2026-06-13 15:04:07
332,Member198,Shop2,Location3,2026-06-17 01:33:07,191.74,0,
333,Member157,Shop4,Location3,2026-06-20 05:12:07,241.68,1,2026-06-20 09:12:07
334,Member134,Shop3,Location4,2026-06-22 16:45:07,168.89,0,
335,Member54,Shop6,Location5,2026-06-26 00:07:07,409.42,1,2026-06-26 07:07:07
336,Member198,Shop7,Location4,2026-06-27 06:28:07,324.17,1,2026-06-27 15:28:07
337,Member170,Shop4,Location3,2026-06-29 14:58:07,567.07,0,
338,Member126,Shop8,Location5,2026-06-30 20:18:07,514.41,1,2026-07-01 14:18:07
339,Member20,Shop4,Location4,2026-07-04 09:14:07,86.32,0,
340,Member171,Shop2,Location1,2026-07-06 14:30:07,60.06,0,
341,Member172,Shop8,Location1,2026-07-09 19:09:07,73.22,1,2026-07-10 19:09:07
342,Member76,Shop3,Location5,2026-07-13 00:43:07,336.81,0,
343,Member200,Shop3,Location5,2026-07-15 03:11:07,535.54,0,
344,Member174,Shop7,Location2,2026-07-17 05:34:07,98.02,1,2026-07-17 15:34:07
345,Member52,Shop3,Location3,2026-07-18 11:09:07,603.55,1,2026-07-18 14:09:07
346,Member183,Shop7,Location3,2026-07-20 18:02:07,293.52,1,2026-07-20 21:02:07
347,Member7,Shop4,Location3,2026-07-21 22:59:07,217.34,0,
348,Member178,Shop10,Location3,2026-07-25 06:43:07,788.72,1,2026-07-25 06:43:07
349,Member16,Shop9,Location1,2026-07-27 12:30:07,318.84,0,
350,Member183,Shop6,Location2,2026-07-30 17:49:07,172.64,1,2026-07-30 22:49:07
351,Member129,Shop3,Location3,2026-08-03 00:23:07,88.3,1,2026-08-03 18:23:07
352,Member127,Shop3,Location2,2026-08-04 02:42:07,165.63,0,
353,Member1,Shop7,Location3,2026-08-06 11:35:07,801.41,0,
354,Member32,Shop7,Location4,2026-08-07 23:05:07,328.26,0,
355,Member4,Shop8,Location2,2026-08-09 07:21:07,344.66,0,
356,Member195,Shop4,Location1,2026-08-12 15:36:07,583.01,1,2026-08-12 18:36:07
357,Member56,Shop3,Location3,2026-08-15 20:28:07,767.3,1,2026-08-16 16:28:07
358,Member57,Shop3,Location3,2026-08-17 07:08:07,387.51,1,2026-08-17 08:08:07
359,Member191,Shop1,Location3,2026-08-20 19:53:07,399.94,1,2026-08-21 04:53:07
360,Member91,Shop9,Location3,2026-08-23 02:37:07,183.94,0,
361,Member172,Shop8,Location2,2026-08-24 03:51:07,280.44,0,
362,Member69,Shop7,Location5,2026-08-26 14:17:07,368.82,1,2026-08-27 00:17:07
363,Member124,Shop2,Location4,2026-08-29 19:15:07,140.32,1,2026-08-30 09:15:07
364,Member36,Shop2,Location1,2026-09-02 06:36:07,187.92,1,2026-09-02 22:36:07
365,Member86,Shop10,Location3,2026-09-04 11:07:07,301.67,0,
366,Member130,Shop5,Location3,2026-09-07 12:36:07,548.45,1,2026-09-08 08:36:07
367,Member53,Shop2,Location2,2026-09-09 18:55:07,293.67,1,2026-09-09 22:55:07
368,Member9,Shop8,Location5,2026-09-13 06:09:07,203.14,1,2026-09-14 04:09:07
369,Member103,Shop6,Location5,2026-09-14 07:48:07,186.96,1,2026-09-14 13:48:07
370,Member117,Shop10,Location2,2026-09-17 14:29:07,477.48,0,
371,Member18,Shop8,Location4,2026-09-19 22:45:07,556.3,1,2026-09-20 05:45:07
372,Member181,Shop7,Location2,2026-09-23 07:05:07,494.1,1,2026-09-23 20:05:07
373,Member111,Shop10,Location4,2026-09-26 08:18:07,143.61,0,
374,Member98,Shop3,Location1,2026-09-28 16:52:07,842.91,0,
375,Member147,Shop5,Location2,2026-10-01 18:16:07,73.35,0,
376,Member29,Shop4,Location4,2026-10-05 05:54:07,240.75,0,
377,Member153,Shop2,Location4,2026-10-07 08:29:07,373.92,0,
378,Member127,Shop5,Location4,2026-10-08 17:00:07,856.09,1,2026-10-09 10:00:07
379,Member121,Shop8,Location3,2026-10-10 20:19:07,101.24,0,
380,Member198,Shop10,Location2,2026-10-12 22:43:07,107.01,1,2026-10-13 03:43:07
381,Member127,Shop2,Location5,2026-10-15 10:22:07,403.98,0,
382,Member145,Shop3,Location2,2026-10-16 12:05:07,279.21,1,2026-10-16 19:05:07
383,Member41,Shop8,Location1,2026-10-18 15:33:07,356.55,0,
384,Member177,Shop4,Location1,2026-10-20 02:21:07,357.74,1,2026-10-20 10:21:07
385,Member77,Shop3,Location5,2026-10-23 05:13:07,267.83,1,2026-10-23 18:13:07
386,Member116,Shop4,Location2,2026-10-26 14:01:07,129.63,0,
387,Member180,Shop2,Location3,2026-10-28 00:35:07,464.88,0,
388,Member88,Shop1,Location2,2026-10-31 09:46:07,29.16,1,2026-11-01 00:46:07
389,Member1,Shop8,Location2,2026-11-02 11:29:07,39.2,1,2026-11-02 22:29:07
390,Member32,Shop5,Location3,2026-11-03 17:01:07,390.38,0,
391,Member185,Shop1,Location3,2026-11-06 02:19:07,223.35,1,2026-11-06 12:19:07
392,Member25,Shop3,Location3,2026-11-09 13:54:07,975.74,1,2026-11-10 07:54:07
393,Member48,Shop4,Location3,2026-11-11 02:19:07,79.15,1,2026-11-11 10:19:07
394,Member166,Shop4,Location2,2026-11-13 13:48:07,669.18,1,2026-11-14 13:48:07
395,Member188,Shop8,Location1,2026-11-15 20:58:07,205.85,1,2026-11-16 03:58:07
396,Member131,Shop3,Location2,2026-11-18 05:34:07,198.88,0,
397,Member141,Shop1,Location3,2026-11-21 12:34:07,523.36,0,
398,Member47,Shop8,Location2,2026-11-24 15:06:07,258.78,1,2026-11-24 17:06:07
399,Member175,Shop6,Location2,2026-11-26 17:39:07,185.67,1,2026-11-26 23:39:07
400,Member9,Shop9,Location4,2026-11-28 00:11:07,417.96,0,
401,Member136,Shop3,Location5,2026-12-01 11:47:07,228.2,0,
402,Member107,Shop8,Location5,2026-12-04 20:40:07,365.34,0,
403,Member137,Shop10,Location4,2026-12-07 04:33:07,87.86,1,2026-12-07 07:33:07
404,Member65,Shop8,Location4,2026-12-09 17:04:07,145.64,1,2026-12-09 17:04:07
405,Member126,Shop5,Location1,2026-12-11 21:44:07,131.44,1,2026-12-12 10:44:07
406,Member49,Shop6,Location1,2026-12-14 03:34:07,565.19,0,
407,Member137,Shop9,Location5,2026-12-17 05:12:07,19.6,1,2026-12-17 18:12:07
408,Member119,Shop10,Location5,2026-12-19 15:49:07,500.76,0,
409,Member59,Shop4,Location5,2026-12-22 22:47:07,405.07,1,2026-12-23 19:47:07
410,Member109,Shop10,Location4,2026-12-26 06:00:07,188.08,1,2026-12-26 19:00:07
411,Member44,Shop1,Location1,2026-12-29 08:32:07,536.4,1,2026-12-29 17:32:07
412,Member172,Shop2,Location3,2026-12-31 11:18:07,551.34,0,
413,Member80,Shop8,Location4,2027-01-01 18:40:07,300.89,0,
414,Member187,Shop7,Location4,2027-01-05 05:20:07,20.68,0,
415,Member154,Shop4,Location1,2027-01-07 17:37:07,282.11,1,2027-01-08 03:37:07
416,Member59,Shop8,Location1,2027-01-10 04:11:07,85.47,1,2027-01-10 12:11:07
417,Member188,Shop4,Location1,2027-01-11 07:36:07,272.46,1,2027-01-11 21:36:07
418,Member88,Shop5,Location1,2027-01-13 15:17:07,241.98,1,2027-01-14 06:17:07
419,Member110,Shop5,Location2,2027-01-16 03:08:07,422.3,0,
420,Member54,Shop9,Location2,2027-01-17 04:57:07,47.87,1,2027-01-17 08:57:07
421,Member76,Shop8,Location3,2027-01-20 06:40:07,354.1,0,
422,Member151,Shop8,Location5,2027-01-22 13:26:07,273.25,1,2027-01-22 14:26:07
423,Member30,Shop7,Location5,2027-01-25 15:08:07,198.31,0,
424,Member171,Shop6,Location3,2027-01-27 17:53:07,42.87,1,2027-01-27 22:53:07
425,Member157,Shop1,Location3,2027-01-29 22:36:07,570.72,0,
426,Member154,Shop4,Location1,2027-02-02 03:24:07,361.99,1,2027-02-03 00:24:07
427,Member35,Shop10,Location5,2027-02-05 11:23:07,197.85,1,2027-02-06 09:23:07
428,Member101,Shop8,Location2,2027-02-08 20:38:07,286.17,0,
429,Member117,Shop4,Location4,2027-02-10 01:54:07,340.81,1,2027-02-10 14:54:07
430,Member63,Shop6,Location2,2027-02-12 11:48:07,340.46,0,
431,Member149,Shop3,Location3,2027-02-13 22:08:07,230.4,0,
432,Member116,Shop4,Location2,2027-02-16 09:37:07,147.47,1,2027-02-17 03:37:07
433,Member182,Shop7,Location1,2027-02-19 15:18:07,552.87,1,2027-02-19 17:18:07
434,Member95,Shop7,Location2,2027-02-22 03:50:07,363.57,0,
435,Member113,Shop10,Location4,2027-02-25 12:10:07,384.2,0,
436,Member6,Shop9,Location2,2027-02-26 20:03:07,216.97,1,2027-02-27 08:03:07
437,Member55,Shop6,Location2,2027-02-27 22:21:07,169.86,1,2027-02-28 03:21:07
438,Member169,Shop9,Location1,2027-03-01 07:43:07,228.42,0,
439,Member49,Shop6,Location3,2027-03-02 10:14:07,141.83,1,2027-03-02 12:14:07
440,Member73,Shop7,Location4,2027-03-03 18:31:07,601.19,0,
441,Member33,Shop2,Location2,2027-03-04 22:25:07,457.73,0,
442,Member182,Shop2,Location1,2027-03-08 08:21:07,759.14,1,2027-03-09 00:21:07
443,Member5,Shop3,Location3,2027-03-11 16:21:07,102.04,0,
444,Member89,Shop3,Location1,2027-03-12 22:14:07,109.0,0,
445,Member144,Shop2,Location5,2027-03-15 00:45:07,622.12,1,2027-03-15 13:45:07
446,Member23,Shop8,Location5,2027-03-18 13:13:07,618.57,1,2027-03-19 10:13:07
447,Member191,Shop8,Location2,2027-03-19 22:51:07,251.88,1,2027-03-19 22:51:07
448,Member78,Shop8,Location2,2027-03-23 05:17:07,120.29,1,2027-03-23 19:17:07
449,Member183,Shop4,Location4,2027-03-26 15:51:07,86.42,1,2027-03-27 12:51:07
450,Member108,Shop9,Location2,2027-03-28 04:15:07,178.42,0,
451,Member57,Shop6,Location1,2027-03-31 15:56:07,176.75,0,
452,Member176,Shop1,Location3,2027-04-02 00:30:07,299.3,0,
453,Member159,Shop7,Location2,2027-04-04 11:18:07,269.25,1,2027-04-05 00:18:07
454,Member8,Shop1,Location1,2027-04-07 22:53:07,473.29,0,
455,Member8,Shop4,Location3,2027-04-10 04:33:07,242.81,0,
456,Member182,Shop4,Location4,2027-04-11 10:26:07,75.81,0,
457,Member184,Shop10,Location4,2027-04-12 11:36:07,188.96,1,2027-04-13 02:36:07
458,Member68,Shop3,Location1,2027-04-14 17:59:07,670.61,1,2027-04-15 15:59:07
459,Member105,Shop6,Location3,2027-04-17 04:55:07,263.79,1,2027-04-17 23:55:07
460,Member27,Shop2,Location3,2027-04-19 16:25:07,136.36,0,
461,Member92,Shop2,Location3,2027-04-22 03:54:07,361.67,0,
462,Member192,Shop3,Location1,2027-04-23 08:29:07,97.3,0,
463,Member51,Shop6,Location2,2027-04-26 17:41:07,447.5,1,2027-04-27 06:41:07
464,Member172,Shop5,Location1,2027-04-30 01:04:07,31.94,1,2027-04-30 01:04:07
465,Member131,Shop7,Location2,2027-05-03 04:17:07,148.88,1,2027-05-04 03:17:07
466,Member41,Shop2,Location3,2027-05-06 06:48:07,369.92,0,
467,Member194,Shop9,Location3,2027-05-07 19:44:07,396.62,0,
468,Member98,Shop7,Location4,2027-05-08 23:31:07,453.81,0,
469,Member147,Shop10,Location2,2027-05-12 07:24:07,220.79,1,2027-05-12 20:24:07
470,Member157,Shop1,Location2,2027-05-13 15:39:07,102.09,1,2027-05-14 00:39:07
471,Member145,Shop5,Location2,2027-05-15 01:39:07,69.5,1,2027-05-15 10:39:07
472,Member51,Shop3,Location3,2027-05-18 11:54:07,460.61,1,2027-05-18 22:54:07
473,Member20,Shop9,Location4,2027-05-19 14:21:07,402.51,1,2027-05-20 14:21:07
474,Member13,Shop3,Location2,2027-05-21 19:11:07,301.8,1,2027-05-22 14:11:07
475,Member158,Shop2,Location5,2027-05-23 01:40:07,66.04,1,2027-05-23 16:40:07
476,Member30,Shop9,Location2,2027-05-26 07:13:07,101.67,0,
477,Member24,Shop1,Location2,2027-05-29 17:52:07,43.74,1,2027-05-29 18:52:07
478,Member28,Shop2,Location5,2027-06-01 02:26:07,474.61,0,
479,Member110,Shop5,Location1,2027-06-03 06:42:07,178.19,1,2027-06-03 12:42:07
480,Member15,Shop3,Location3,2027-06-04 11:52:07,544.51,1,2027-06-05 09:52:07
481,Member168,Shop4,Location3,2027-06-08 00:36:07,373.58,0,
482,Member188,Shop1,Location5,2027-06-11 12:12:07,416.05,0,
483,Member185,Shop6,Location3,2027-06-15 00:26:07,268.53,0,
484,Member41,Shop1,Location5,2027-06-16 02:38:07,208.92,1,2027-06-16 19:38:07
485,Member7,Shop3,Location3,2027-06-18 11:09:07,488.64,0,
486,Member98,Shop10,Location5,2027-06-21 17:47:07,492.99,1,2027-06-21 19:47:07
487,Member108,Shop7,Location2,2027-06-24 22:38:07,469.0,0,
488,Member81,Shop8,Location5,2027-06-27 01:19:07,187.92,1,2027-06-27 21:19:07
489,Member33,Shop6,Location2,2027-06-30 06:59:07,368.25,0,
490,Member41,Shop8,Location5,2027-07-02 08:39:07,673.84,1,2027-07-02 15:39:07
491,Member45,Shop1,Location1,2027-07-03 16:10:07,440.48,1,2027-07-04 02:10:07
492,Member79,Shop5,Location1,2027-07-05 23:37:07,828.75,0,
493,Member57,Shop6,Location4,2027-07-08 07:20:07,607.88,1,2027-07-08 13:20:07
494,Member130,Shop5,Location4,2027-07-10 09:30:07,81.25,1,2027-07-10 21:30:07
495,Member84,Shop6,Location5,2027-07-13 15:03:07,86.42,1,2027-07-13 17:03:07
496,Member181,Shop5,Location5,2027-07-14 16:52:07,364.04,1,2027-07-14 16:52:07
497,Member163,Shop9,Location4,2027-07-17 03:29:07,144.98,1,2027-07-17 16:29:07
498,Member80,Shop5,Location2,2027-07-19 16:28:07,220.48,0,
499,Member146,Shop6,Location2,2027-07-23 03:53:07,711.0,1,2027-07-24 00:53:07
500,Member128,Shop8,Location5,2027-07-25 12:48:07,324.36,0,
501,Member51,Shop7,Location4,2027-07-26 19:44:07,378.94,0,
502,Member167,Shop4,Location5,2027-07-28 01:54:07,239.11,0,
503,Member5,Shop1,Location4,2027-07-31 03:25:07,159.12,0,
504,Member17,Shop9,Location4,2027-08-03 16:22:07,100.95,1,2027-08-03 20:22:07
505,Member122,Shop4,Location3,2027-08-05 04:09:07,317.87,0,
506,Member188,Shop8,Location2,2027-08-07 05:32:07,341.8,1,2027-08-08 05:32:07
507,Member63,Shop6,Location1,2027-08-10 11:09:07,152.58,1,2027-08-10 16:09:07
508,Member24,Shop6,Location5,2027-08-11 15:37:07,361.92,1,2027-08-11 18:37:07
509,Member137,Shop4,Location1,2027-08-14 00:18:07,459.92,0,
510,Member182,Shop1,Location2,2027-08-16 05:55:07,439.78,0,
511,Member1,Shop6,Location4,2027-08-18 14:46:07,429.68,1,2027-08-18 19:46:07
512,Member159,Shop1,Location1,2027-08-19 23:16:07,246.62,1,2027-08-20 23:16:07
513,Member146,Shop8,Location5,2027-08-21 10:10:07,272.14,0,
514,Member52,Shop3,Location3,2027-08-22 17:58:07,478.51,0,
515,Member26,Shop9,Location5,2027-08-26 01:29:07,245.74,1,2027-08-26 21:29:07
516,Member45,Shop10,Location4,2027-08-28 08:17:07,33.92,1,2027-08-29 02:17:07
517,Member44,Shop6,Location1,2027-08-31 16:41:07,469.31,1,2027-09-01 07:41:07
518,Member10,Shop10,Location2,2027-09-03 03:24:07,651.18,0,
519,Member192,Shop4,Location1,2027-09-05 08:49:07,33.51,0,
520,Member151,Shop6,Location4,2027-09-06 19:47:07,258.71,0,
521,Member125,Shop1,Location5,2027-09-09 08:00:07,767.66,1,2027-09-09 23:00:07
522,Member121,Shop10,Location1,2027-09-10 10:52:07,398.58,0,
523,Member170,Shop10,Location5,2027-09-13 13:22:07,576.35,1,2027-09-13 15:22:07
524,Member79,Shop3,Location5,2027-09-16 20:36:07,93.48,1,2027-09-17 10:36:07
525,Member37,Shop3,Location2,2027-09-18 09:33:07,86.78,0,
526,Member13,Shop4,Location3,2027-09-21 22:04:07,163.84,1,2027-09-22 09:04:07
527,Member21,Shop6,Location5,2027-09-24 05:52:07,153.37,1,2027-09-24 10:52:07
528,Member128,Shop8,Location1,2027-09-27 11:50:07,351.93,0,
529,Member115,Shop7,Location4,2027-09-29 22:47:07,467.13,1,2027-09-30 07:47:07
530,Member88,Shop4,Location4,2027-10-03 05:16:07,81.26,1,2027-10-04 04:16:07
531,Member186,Shop5,Location3,2027-10-05 07:38:07,388.16,1,2027-10-05 15:38:07
532,Member140,Shop2,Location4,2027-10-08 14:26:07,241.82,0,
533,Member92,Shop4,Location5,2027-10-11 16:46:07,68.06,1,2027-10-11 23:46:07
534,Member185,Shop6,Location2,2027-10-14 05:12:07,75.08,0,
535,Member104,Shop7,Location1,2027-10-17 13:52:07,404.87,0,
536,Member86,Shop2,Location5,2027-10-18 22:04:07,47.24,0,
537,Member171,Shop1,Location3,2027-10-21 23:44:07,381.73,1,2027-10-22 03:44:07
538,Member46,Shop8,Location2,2027-10-23 04:58:07,831.17,0,
539,Member13,Shop2,Location4,2027-10-25 14:30:07,226.06,1,2027-10-25 17:30:07
540,Member119,Shop5,Location2,2027-10-27 03:09:07,65.72,1,2027-10-27 16:09:07
541,Member115,Shop6,Location1,2027-10-30 11:00:07,391.52,0,
542,Member93,Shop7,Location3,2027-11-02 15:46:07,326.99,0,
543,Member97,Shop7,Location3,2027-11-06 02:10:07,381.21,1,2027-11-06 11:10:07
544,Member35,Shop10,Location3,2027-11-08 09:49:07,543.66,0,
545,Member28,Shop5,Location2,2027-11-11 16:36:07,320.37,1,2027-11-11 21:36:07
546,Member178,Shop9,Location4,2027-11-12 18:26:07,288.97,0,
547,Member158,Shop5,Location2,2027-11-14 00:37:07,430.62,0,
548,Member9,Shop7,Location2,2027-11-17 07:17:07,234.71,1,2027-11-17 20:17:07
549,Member33,Shop10,Location2,2027-11-19 20:16:07,66.04,1,2027-11-20 11:16:07
550,Member30,Shop2,Location2,2027-11-21 08:35:07,591.28,1,2027-11-21 21:35:07
551,Member184,Shop3,Location3,2027-11-24 11:07:07,25.27,0,
552,Member88,Shop10,Location3,2027-11-26 20:50:07,124.6,0,
553,Member79,Shop10,Location3,2027-11-28 03:29:07,500.92,1,2027-11-28 17:29:07
554,Member70,Shop7,Location3,2027-11-29 11:53:07,241.38,1,2027-11-30 04:53:07
555,Member78,Shop5,Location2,2027-12-02 19:19:07,764.2,1,2027-12-02 22:19:07
556,Member188,Shop3,Location5,2027-12-03 20:38:07,503.8,0,
557,Member111,Shop1,Location1,2027-12-05 00:23:07,175.72,1,2027-12-05 02:23:07
558,Member34,Shop5,Location3,2027-12-06 06:44:07,135.49,0,
559,Member187,Shop2,Location3,2027-12-08 15:17:07,129.5,1,2027-12-08 23:17:07
560,Member93,Shop6,Location2,2027-12-11 23:04:07,60.34,1,2027-12-12 08:04:07
561,Member187,Shop6,Location1,2027-12-14 01:44:07,122.07,0,
562,Member76,Shop5,Location5,2027-12-15 06:17:07,677.86,0,
563,Member16,Shop5,Location5,2027-12-17 12:39:07,42.63,0,
564,Member14,Shop10,Location3,2027-12-20 14:58:07,546.01,0,
565,Member140,Shop1,Location5,2027-12-23 01:42:07,423.9,0,
566,Member56,Shop6,Location2,2027-12-26 13:36:07,621.62,1,2027-12-26 22:36:07
567,Member45,Shop3,Location3,2027-12-27 22:52:07,581.78,1,2027-12-28 05:52:07
568,Member84,Shop2,Location2,2027-12-29 00:36:07,203.83,1,2027-12-29 16:36:07
569,Member46,Shop4,Location5,2028-01-01 10:17:07,189.63,1,2028-01-02 05:17:07
570,Member58,Shop9,Location4,2028-01-04 22:31:07,123.04,1,2028-01-05 17:31:07
571,Member199,Shop7,Location4,2028-01-06 03:06:07,620.84,1,2028-01-06 23:06:07
572,Member59,Shop2,Location2,2028-01-08 14:50:07,587.96,1,2028-01-09 00:50:07
573,Member23,Shop10,Location4,2028-01-09 21:14:07,486.33,0,
574,Member24,Shop9,Location2,2028-01-13 08:37:07,446.6,0,
575,Member104,Shop2,Location5,2028-01-14 11:02:07,280.44,0,
576,Member46,Shop2,Location5,2028-01-15 14:41:07,136.36,1,2028-01-15 16:41:07
577,Member149,Shop1,Location4,2028-01-16 20:06:07,535.02,1,2028-01-17 00:06:07
578,Member60,Shop6,Location4,2028-01-19 00:19:07,61.8,0,
579,Member71,Shop4,Location2,2028-01-21 07:19:07,533.44,1,2028-01-21 10:19:07
580,Member69,Shop1,Location3,2028-01-24 11:05:07,187.92,0,
581,Member62,Shop7,Location2,2028-01-25 23:01:07,380.52,1,2028-01-26 12:01:07
582,Member76,Shop2,Location2,2028-01-29 08:18:07,578.83,0,
583,Member169,Shop10,Location1,2028-01-30 20:00:07,58.8,1,2028-01-31 16:00:07
584,Member13,Shop6,Location3,2028-02-02 00:56:07,258.96,0,
585,Member23,Shop3,Location1,2028-02-04 09:24:07,422.87,1,2028-02-04 21:24:07
586,Member159,Shop4,Location5,2028-02-07 19:44:07,69.04,0,
587,Member155,Shop9,Location2,2028-02-09 08:18:07,339.93,0,
588,Member183,Shop5,Location2,2028-02-11 16:39:07,459.46,0,
589,Member162,Shop9,Location1,2028-02-12 20:49:07,201.43,0,
590,Member191,Shop5,Location1,2028-02-15 02:23:07,207.87,0,
591,Member74,Shop1,Location5,2028-02-16 05:18:07,96.4,0,
592,Member157,Shop8,Location5,2028-02-18 08:54:07,192.19,0,
593,Member47,Shop4,Location2,2028-02-20 19:45:07,209.43,0,
594,Member168,Shop4,Location2,2028-02-24 06:28:07,312.11,0,
595,Member112,Shop6,Location3,2028-02-26 09:49:07,55.59,0,
596,Member185,Shop10,Location4,2028-02-28 20:48:07,170.7,0,
597,Member14,Shop4,Location1,2028-03-03 06:30:07,100.13,0,
598,Member77,Shop5,Location5,2028-03-05 09:06:07,750.31,0,
599,Member87,Shop8,Location5,2028-03-08 21:27:07,117.15,0,
600,Member114,Shop3,Location2,2028-03-11 05:16:07,95.82,1,2028-03-11 17:16:07
601,Member83,Shop8,Location4,2028-03-12 17:29:07,95.46,1,2028-03-12 20:29:07
602,Member121,Shop7,Location4,2028-03-14 19:52:07,471.35,0,
603,Member52,Shop7,Location5,2028-03-16 04:19:07,88.68,1,2028-03-16 09:19:07
604,Member166,Shop4,Location4,2028-03-17 10:49:07,230.17,1,2028-03-18 05:49:07
605,Member172,Shop2,Location3,2028-03-19 15:36:07,27.64,0,
606,Member167,Shop4,Location3,2028-03-23 01:27:07,428.85,0,
607,Member77,Shop5,Location4,2028-03-26 13:06:07,197.64,1,2028-03-26 23:06:07
608,Member50,Shop3,Location4,2028-03-29 19:28:07,194.61,1,2028-03-29 23:28:07
609,Member75,Shop10,Location5,2028-04-01 01:23:07,495.59,0,
610,Member168,Shop1,Location4,2028-04-04 10:41:07,579.25,1,2028-04-04 17:41:07
611,Member164,Shop7,Location4,2028-04-07 18:38:07,583.0,1,2028-04-07 20:38:07
612,Member187,Shop10,Location3,2028-04-09 04:02:07,272.74,0,
613,Member18,Shop10,Location4,2028-04-11 15:25:07,299.07,1,2028-04-12 06:25:07
614,Member140,Shop7,Location1,2028-04-13 22:52:07,10.34,0,
615,Member167,Shop5,Location5,2028-04-15 09:12:07,628.63,1,2028-04-15 18:12:07
616,Member14,Shop3,Location5,2028-04-16 16:41:07,751.43,0,
617,Member27,Shop1,Location1,2028-04-20 05:10:07,260.03,1,2028-04-21 02:10:07
618,Member74,Shop10,Location1,2028-04-23 12:27:07,636.69,0,
619,Member195,Shop1,Location4,2028-04-25 00:53:07,330.92,0,
620,Member48,Shop7,Location5,2028-04-26 06:10:07,486.54,0,
621,Member134,Shop5,Location5,2028-04-29 18:38:07,103.56,1,2028-04-30 16:38:07
622,Member68,Shop10,Location2,2028-05-01 21:17:07,351.26,0,
623,Member141,Shop2,Location4,2028-05-03 03:35:07,307.83,1,2028-05-03 19:35:07
624,Member120,Shop8,Location1,2028-05-04 14:56:07,89.58,0,
625,Member153,Shop7,Location1,2028-05-07 23:54:07,114.69,0,
626,Member109,Shop8,Location4,2028-05-11 08:14:07,651.56,0,
627,Member152,Shop1,Location3,2028-05-14 13:38:07,362.52,1,2028-05-15 10:38:07
628,Member169,Shop5,Location3,2028-05-17 21:38:07,315.82,1,2028-05-18 10:38:07
629,Member117,Shop7,Location1,2028-05-20 00:57:07,29.16,1,2028-05-20 15:57:07
630,Member47,Shop6,Location3,2028-05-23 13:34:07,399.25,0,
631,Member90,Shop2,Location3,2028-05-25 18:27:07,419.11,1,2028-05-26 15:27:07
632,Member112,Shop2,Location1,2028-05-29 00:55:07,244.65,0,
633,Member142,Shop6,Location5,2028-05-31 09:49:07,141.58,0,
634,Member147,Shop10,Location1,2028-06-03 21:11:07,373.3,0,
635,Member38,Shop6,Location3,2028-06-05 08:45:07,62.9,0,
636,Member41,Shop6,Location2,2028-06-06 21:25:07,503.53,0,
637,Member158,Shop6,Location5,2028-06-10 00:06:07,211.08,1,2028-06-10 19:06:07
638,Member128,Shop2,Location2,2028-06-12 07:17:07,218.57,0,
639,Member112,Shop4,Location1,2028-06-14 13:41:07,507.69,0,
640,Member106,Shop3,Location3,2028-06-17 17:51:07,290.72,0,
641,Member40,Shop3,Location2,2028-06-21 05:47:07,414.08,1,2028-06-21 17:47:07
642,Member160,Shop2,Location2,2028-06-22 16:58:07,255.48,0,
643,Member141,Shop2,Location5,2028-06-24 02:19:07,611.25,1,2028-06-24 18:19:07
644,Member161,Shop2,Location5,2028-06-26 13:46:07,53.04,1,2028-06-27 01:46:07
645,Member181,Shop10,Location1,2028-06-27 19:04:07,336.55,0,
646,Member66,Shop9,Location1,2028-06-28 23:26:07,321.9,1,2028-06-29 20:26:07
647,Member173,Shop3,Location1,2028-07-01 06:03:07,393.87,0,
648,Member74,Shop7,Location2,2028-07-04 18:48:07,553.06,0,
649,Member126,Shop3,Location1,2028-07-07 02:32:07,187.92,1,2028-07-07 21:32:07
650,Member119,Shop2,Location3,2028-07-08 10:26:07,265.44,1,2028-07-08 19:26:07
651,Member40,Shop3,Location2,2028-07-09 17:25:07,364.06,1,2028-07-10 17:25:07
652,Member157,Shop2,Location1,2028-07-11 02:05:07,186.33,1,2028-07-11 10:05:07
653,Member107,Shop4,Location5,2028-07-14 05:17:07,338.24,0,
654,Member93,Shop1,Location4,2028-07-15 14:04:07,466.2,0,
655,Member78,Shop5,Location5,2028-07-17 21:43:07,433.05,1,2028-07-18 07:43:07
656,Member194,Shop9,Location1,2028-07-19 23:42:07,578.13,1,2028-07-20 04:42:07
657,Member11,Shop3,Location4,2028-07-23 03:25:07,423.54,0,
658,Member86,Shop4,Location1,2028-07-25 07:14:07,757.02,0,
659,Member8,Shop2,Location5,2028-07-28 14:45:07,175.61,1,2028-07-28 17:45:07
660,Member126,Shop9,Location1,2028-07-30 21:23:07,507.27,0,
661,Member139,Shop5,Location2,2028-08-02 04:35:07,68.18,0,
662,Member147,Shop2,Location5,2028-08-03 07:33:07,359.7,1,2028-08-03 23:33:07
663,Member109,Shop3,Location5,2028-08-05 19:28:07,206.78,1,2028-08-06 00:28:07
664,Member190,Shop1,Location3,2028-08-08 00:18:07,88.44,0,
665,Member172,Shop6,Location4,2028-08-10 01:36:07,455.0,1,2028-08-11 01:36:07
666,Member153,Shop6,Location4,2028-08-12 07:14:07,282.12,1,2028-08-12 18:14:07
667,Member109,Shop6,Location1,2028-08-15 14:54:07,758.7,1,2028-08-16 05:54:07
668,Member62,Shop6,Location2,2028-08-17 22:40:07,329.47,1,2028-08-18 16:40:07
669,Member72,Shop1,Location1,2028-08-19 10:05:07,233.4,1,2028-08-19 22:05:07
670,Member14,Shop5,Location5,2028-08-20 14:38:07,258.1,0,
671,Member25,Shop4,Location1,2028-08-23 16:50:07,596.63,0,
672,Member177,Shop6,Location4,2028-08-24 23:00:07,187.55,1,2028-08-25 13:00:07
673,Member51,Shop10,Location1,2028-08-26 01:43:07,145.15,0,
674,Member105,Shop8,Location4,2028-08-27 07:29:07,152.01,1,2028-08-27 23:29:07
675,Member30,Shop4,Location5,2028-08-29 15:01:07,78.04,0,
676,Member47,Shop2,Location2,2028-08-31 17:49:07,94.19,0,
677,Member81,Shop3,Location5,2028-09-01 19:25:07,417.87,0,
678,Member177,Shop5,Location3,2028-09-04 04:14:07,284.28,1,2028-09-05 02:14:07
679,Member51,Shop6,Location4,2028-09-05 15:34:07,342.21,1,2028-09-06 05:34:07
680,Member199,Shop1,Location1,2028-09-06 17:11:07,704.12,0,
681,Member114,Shop1,Location5,2028-09-10 00:35:07,472.67,1,2028-09-10 01:35:07
682,Member101,Shop3,Location5,2028-09-12 10:05:07,116.91,0,
683,Member163,Shop1,Location4,2028-09-14 21:04:07,230.94,1,2028-09-15 00:04:07
684,Member52,Shop6,Location5,2028-09-16 04:21:07,107.08,1,2028-09-16 09:21:07
685,Member167,Shop4,Location4,2028-09-17 15:51:07,39.02,0,
686,Member193,Shop7,Location2,2028-09-21 01:13:07,660.53,0,
687,Member161,Shop8,Location5,2028-09-22 02:37:07,470.67,0,
688,Member62,Shop1,Location1,2028-09-24 11:22:07,654.54,1,2028-09-25 01:22:07
689,Member37,Shop10,Location4,2028-09-25 19:01:07,225.24,0,
690,Member91,Shop7,Location3,2028-09-28 00:24:07,236.76,0,
691,Member67,Shop10,Location5,2028-09-30 13:21:07,476.72,0,
692,Member92,Shop8,Location3,2028-10-03 23:01:07,363.55,0,
693,Member7,Shop2,Location5,2028-10-05 01:01:07,211.7,1,2028-10-05 19:01:07
694,Member49,Shop7,Location4,2028-10-08 05:28:07,641.1,1,2028-10-08 21:28:07
695,Member154,Shop6,Location5,2028-10-10 08:38:07,229.73,1,2028-10-11 07:38:07
696,Member66,Shop2,Location1,2028-10-13 12:35:07,249.28,1,2028-10-14 07:35:07
697,Member60,Shop4,Location4,2028-10-14 19:33:07,43.74,1,2028-10-15 17:33:07
698,Member97,Shop5,Location4,2028-10-15 21:05:07,488.72,0,
699,Member168,Shop5,Location4,2028-10-17 07:44:07,426.97,1,2028-10-17 23:44:07
700,Member21,Shop7,Location3,2028-10-20 16:34:07,62.37,1,2028-10-21 12:34:07
701,Member44,Shop3,Location2,2028-10-24 02:09:07,168.13,0,
702,Member196,Shop6,Location4,2028-10-26 12:37:07,91.04,0,
703,Member140,Shop7,Location5,2028-10-29 19:48:07,351.32,1,2028-10-30 11:48:07
704,Member84,Shop6,Location5,2028-11-02 06:11:07,185.16,1,2028-11-03 01:11:07
705,Member114,Shop7,Location3,2028-11-03 17:55:07,27.64,0,
706,Member24,Shop2,Location3,2028-11-06 01:33:07,770.55,0,
707,Member185,Shop1,Location1,2028-11-08 05:57:07,288.87,1,2028-11-08 17:57:07
708,Member53,Shop9,Location5,2028-11-09 18:51:07,196.4,0,
709,Member96,Shop6,Location4,2028-11-10 20:01:07,187.56,0,
710,Member152,Shop3,Location4,2028-11-12 03:51:07,258.91,0,
711,Member152,Shop8,Location3,2028-11-13 10:18:07,353.64,0,
712,Member52,Shop3,Location1,2028-11-16 18:15:07,358.95,0,
713,Member159,Shop9,Location1,2028-11-17 19:27:07,540.69,1,2028-11-17 21:27:07
714,Member177,Shop10,Location3,2028-11-21 08:21:07,153.45,1,2028-11-21 23:21:07
715,Member30,Shop2,Location3,2028-11-24 09:44:07,315.62,1,2028-11-24 21:44:07
716,Member2,Shop8,Location2,2028-11-27 20:54:07,592.08,1,2028-11-28 03:54:07
717,Member104,Shop2,Location2,2028-11-28 23:30:07,172.64,0,
718,Member182,Shop6,Location1,2028-11-30 09:10:07,250.67,0,
719,Member24,Shop6,Location1,2028-12-03 14:23:07,24.45,1,2028-12-03 17:23:07
720,Member31,Shop6,Location4,2028-12-04 22:45:07,413.84,1,2028-12-05 02:45:07
721,Member76,Shop4,Location2,2028-12-06 06:45:07,388.18,0,
722,Member85,Shop10,Location4,2028-12-09 13:22:07,455.55,1,2028-12-10 02:22:07
723,Member19,Shop1,Location2,2028-12-10 18:12:07,85.26,0,
724,Member168,Shop9,Location5,2028-12-12 06:35:07,251.4,1,2028-12-12 06:35:07
725,Member198,Shop5,Location3,2028-12-14 18:27:07,414.48,1,2028-12-15 06:27:07
726,Member99,Shop10,Location2,2028-12-18 06:40:07,325.17,1,2028-12-18 19:40:07
727,Member119,Shop3,Location4,2028-12-19 11:58:07,47.87,0,
728,Member172,Shop5,Location5,2028-12-20 17:30:07,56.98,1,2028-12-21 10:30:07
729,Member74,Shop4,Location3,2028-12-23 20:48:07,151.98,1,2028-12-24 17:48:07
730,Member191,Shop4,Location4,2028-12-25 06:08:07,309.82,0,
731,Member28,Shop4,Location1,2028-12-28 11:08:07,454.32,0,
732,Member160,Shop5,Location2,2028-12-29 23:37:07,225.51,1,2028-12-30 03:37:07
733,Member192,Shop4,Location4,2029-01-01 10:13:07,433.99,1,2029-01-01 21:13:07
734,Member86,Shop1,Location3,2029-01-04 21:31:07,417.86,1,2029-01-05 06:31:07
735,Member4,Shop3,Location4,2029-01-07 03:13:07,159.71,1,2029-01-07 13:13:07
736,Member6,Shop10,Location5,2029-01-10 10:40:07,147.38,1,2029-01-10 10:40:07
737,Member187,Shop1,Location2,2029-01-12 12:07:07,433.85,0,
738,Member158,Shop9,Location4,2029-01-14 16:54:07,54.46,0,
739,Member19,Shop1,Location4,2029-01-16 05:06:07,463.54,1,2029-01-16 11:06:07
740,Member88,Shop3,Location4,2029-01-19 12:23:07,198.42,1,2029-01-19 18:23:07
741,Member127,Shop5,Location2,2029-01-20 20:13:07,155.64,1,2029-01-21 05:13:07
742,Member171,Shop6,Location4,2029-01-22 02:07:07,143.19,1,2029-01-23 01:07:07
743,Member153,Shop6,Location5,2029-01-25 05:24:07,399.19,1,2029-01-25 15:24:07
744,Member136,Shop5,Location5,2029-01-27 10:42:07,471.45,0,
745,Member200,Shop4,Location4,2029-01-30 16:52:07,295.1,0,
746,Member24,Shop2,Location3,2029-01-31 23:35:07,571.53,0,
747,Member13,Shop3,Location2,2029-02-03 01:23:07,107.67,0,
748,Member166,Shop3,Location5,2029-02-04 02:47:07,437.54,0,
749,Member135,Shop8,Location1,2029-02-05 09:47:07,819.1,1,2029-02-05 20:47:07
750,Member186,Shop2,Location5,2029-02-08 14:27:07,338.43,0,
751,Member168,Shop1,Location3,2029-02-10 17:07:07,123.03,1,2029-02-11 10:07:07
752,Member89,Shop4,Location2,2029-02-12 03:44:07,184.34,1,2029-02-12 16:44:07
753,Member50,Shop10,Location3,2029-02-13 13:10:07,580.95,1,2029-02-14 08:10:07
754,Member41,Shop4,Location1,2029-02-14 22:21:07,855.21,1,2029-02-15 16:21:07
755,Member190,Shop1,Location5,2029-02-17 00:56:07,663.37,1,2029-02-17 04:56:07
756,Member96,Shop7,Location2,2029-02-20 04:29:07,66.08,1,2029-02-20 19:29:07
757,Member11,Shop4,Location2,2029-02-23 06:56:07,586.47,1,2029-02-23 17:56:07
758,Member60,Shop3,Location2,2029-02-26 10:26:07,340.95,0,
759,Member91,Shop8,Location5,2029-02-27 21:19:07,447.15,0,
760,Member50,Shop7,Location4,2029-03-02 07:11:07,349.61,1,2029-03-03 04:11:07
761,Member27,Shop2,Location5,2029-03-04 13:54:07,422.49,0,
762,Member7,Shop5,Location3,2029-03-07 00:14:07,316.73,0,
763,Member106,Shop5,Location5,2029-03-10 09:11:07,530.88,1,2029-03-11 02:11:07
764,Member173,Shop1,Location5,2029-03-12 12:32:07,243.86,1,2029-03-12 22:32:07
765,Member37,Shop4,Location1,2029-03-14 15:19:07,356.37,0,
766,Member145,Shop1,Location4,2029-03-17 17:53:07,208.51,1,2029-03-17 23:53:07
767,Member45,Shop10,Location4,2029-03-19 01:33:07,206.04,0,
768,Member95,Shop2,Location2,2029-03-21 14:25:07,527.43,0,
769,Member67,Shop5,Location1,2029-03-25 00:11:07,150.16,1,2029-03-25 17:11:07
770,Member26,Shop10,Location5,2029-03-27 12:49:07,178.15,1,2029-03-28 11:49:07
771,Member75,Shop9,Location1,2029-03-30 22:00:07,83.28,1,2029-03-31 18:00:07
772,Member140,Shop3,Location5,2029-03-31 23:14:07,622.42,1,2029-04-01 20:14:07
773,Member22,Shop7,Location4,2029-04-02 09:51:07,625.45,1,2029-04-02 22:51:07
774,Member4,Shop8,Location4,2029-04-05 15:41:07,150.16,0,
775,Member127,Shop1,Location4,2029-04-09 02:25:07,568.28,1,2029-04-09 06:25:07
776,Member110,Shop1,Location3,2029-04-10 12:56:07,190.52,1,2029-04-11 04:56:07
777,Member55,Shop9,Location5,2029-04-12 14:22:07,362.07,1,2029-04-13 01:22:07
778,Member73,Shop7,Location3,2029-04-15 00:40:07,579.95,1,2029-04-15 23:40:07
779,Member46,Shop2,Location3,2029-04-16 10:01:07,910.72,1,2029-04-16 15:01:07
780,Member163,Shop2,Location3,2029-04-18 12:59:07,347.67,0,
781,Member97,Shop10,Location5,2029-04-19 18:51:07,207.99,1,2029-04-20 10:51:07
782,Member27,Shop3,Location5,2029-04-22 00:35:07,527.05,0,
783,Member107,Shop10,Location5,2029-04-23 10:13:07,86.92,0,
784,Member104,Shop6,Location4,2029-04-26 21:56:07,779.02,0,
785,Member185,Shop9,Location4,2029-04-30 04:36:07,261.39,1,2029-04-30 20:36:07
786,Member199,Shop6,Location4,2029-05-02 14:35:07,358.56,0,
787,Member15,Shop6,Location3,2029-05-05 01:57:07,472.48,0,
788,Member86,Shop2,Location3,2029-05-07 04:23:07,30.87,0,
789,Member124,Shop10,Location5,2029-05-09 12:00:07,525.01,1,2029-05-09 17:00:07
790,Member191,Shop1,Location2,2029-05-11 17:29:07,185.52,1,2029-05-12 02:29:07
791,Member142,Shop8,Location4,2029-05-12 21:05:07,66.04,1,2029-05-13 04:05:07
792,Member132,Shop5,Location3,2029-05-15 23:36:07,483.84,1,2029-05-16 09:36:07
793,Member20,Shop4,Location4,2029-05-17 04:58:07,233.6,1,2029-05-17 05:58:07
794,Member171,Shop7,Location4,2029-05-19 14:55:07,203.36,0,
795,Member188,Shop3,Location5,2029-05-22 19:30:07,311.98,1,2029-05-22 23:30:07
796,Member104,Shop4,Location3,2029-05-23 21:51:07,472.91,1,2029-05-24 16:51:07
797,Member99,Shop10,Location4,2029-05-25 04:51:07,532.68,0,
798,Member11,Shop6,Location3,2029-05-28 08:48:07,328.11,1,2029-05-29 06:48:07
799,Member66,Shop1,Location1,2029-05-29 17:17:07,213.88,1,2029-05-29 20:17:07
800,Member20,Shop3,Location3,2029-05-30 19:09:07,437.38,1,2029-05-30 19:09:07
801,Member183,Shop8,Location2,2029-06-02 07:09:07,89.85,0,
802,Member173,Shop8,Location4,2029-06-05 16:52:07,73.35,0,
803,Member98,Shop7,Location3,2029-06-07 01:02:07,14.86,0,
804,Member181,Shop8,Location1,2029-06-08 13:48:07,537.41,1,2029-06-08 20:48:07
805,Member160,Shop2,Location5,2029-06-11 17:03:07,548.45,0,
806,Member35,Shop10,Location4,2029-06-15 00:38:07,676.39,0,
807,Member152,Shop8,Location1,2029-06-17 04:50:07,439.61,1,2029-06-17 11:50:07
808,Member97,Shop3,Location5,2029-06-18 07:32:07,285.34,1,2029-06-18 14:32:07
809,Member187,Shop8,Location1,2029-06-19 20:25:07,513.26,1,2029-06-20 16:25:07
810,Member42,Shop1,Location2,2029-06-23 05:18:07,619.52,1,2029-06-23 11:18:07
811,Member152,Shop5,Location3,2029-06-25 11:36:07,530.06,0,
812,Member152,Shop10,Location1,2029-06-26 12:57:07,775.75,0,
813,Member177,Shop9,Location2,2029-06-29 00:34:07,296.45,0,
814,Member175,Shop3,Location1,2029-06-30 02:53:07,127.89,1,2029-07-01 00:53:07
815,Member156,Shop9,Location1,2029-07-02 14:51:07,460.97,0,
816,Member156,Shop10,Location4,2029-07-05 01:42:07,450.62,1,2029-07-05 09:42:07
817,Member193,Shop5,Location1,2029-07-08 14:24:07,362.46,0,
818,Member112,Shop8,Location5,2029-07-11 16:51:07,480.58,1,2029-07-12 16:51:07
819,Member161,Shop2,Location1,2029-07-13 23:12:07,167.53,1,2029-07-14 06:12:07
820,Member64,Shop4,Location2,2029-07-16 00:51:07,449.64,1,2029-07-16 18:51:07
821,Member178,Shop3,Location4,2029-07-19 12:49:07,153.45,1,2029-07-20 08:49:07
822,Member178,Shop10,Location4,2029-07-23 01:38:07,523.01,1,2029-07-24 00:38:07
823,Member88,Shop3,Location4,2029-07-25 10:15:07,265.46,1,2029-07-25 17:15:07
824,Member37,Shop4,Location3,2029-07-28 22:57:07,553.12,1,2029-07-29 20:57:07
825,Member199,Shop1,Location3,2029-07-31 09:26:07,254.79,1,2029-08-01 06:26:07
826,Member108,Shop6,Location5,2029-08-03 11:39:07,331.19,1,2029-08-03 17:39:07
827,Member10,Shop2,Location1,2029-08-05 18:59:07,209.76,1,2029-08-06 08:59:07
828,Member198,Shop9,Location2,2029-08-08 20:35:07,109.09,1,2029-08-08 22:35:07
829,Member123,Shop2,Location5,2029-08-12 03:18:07,472.97,0,
830,Member177,Shop2,Location5,2029-08-13 13:15:07,61.74,1,2029-08-13 22:15:07
831,Member5,Shop9,Location3,2029-08-14 21:04:07,188.08,1,2029-08-15 14:04:07
832,Member102,Shop5,Location5,2029-08-18 10:03:07,599.31,1,2029-08-19 09:03:07
833,Member59,Shop2,Location2,2029-08-21 19:42:07,89.19,1,2029-08-22 11:42:07
834,Member133,Shop1,Location3,2029-08-24 21:29:07,473.2,1,2029-08-25 07:29:07
835,Member67,Shop7,Location1,2029-08-27 23:23:07,327.33,1,2029-08-28 10:23:07
836,Member24,Shop1,Location5,2029-08-29 08:03:07,563.46,0,
837,Member88,Shop3,Location3,2029-08-30 16:19:07,156.37,1,2029-08-31 02:19:07
838,Member192,Shop4,Location1,2029-09-01 01:52:07,572.65,1,2029-09-01 08:52:07
839,Member91,Shop7,Location5,2029-09-04 10:17:07,462.44,1,2029-09-04 18:17:07
840,Member169,Shop5,Location5,2029-09-06 12:29:07,271.14,0,
841,Member17,Shop9,Location5,2029-09-09 17:54:07,63.36,0,
842,Member68,Shop8,Location1,2029-09-10 20:16:07,565.49,0,
843,Member106,Shop7,Location1,2029-09-14 00:15:07,338.9,0,
844,Member50,Shop7,Location5,2029-09-17 02:10:07,180.76,0,
845,Member148,Shop1,Location1,2029-09-20 07:48:07,101.72,0,
846,Member140,Shop7,Location1,2029-09-21 14:04:07,404.14,0,
847,Member55,Shop3,Location2,2029-09-22 20:42:07,11.17,0,
848,Member166,Shop5,Location3,2029-09-24 04:02:07,279.24,1,2029-09-25 04:02:07
849,Member105,Shop10,Location1,2029-09-27 11:24:07,58.8,1,2029-09-28 09:24:07
850,Member188,Shop3,Location3,2029-09-30 17:35:07,226.38,0,
851,Member22,Shop2,Location5,2029-10-02 01:28:07,410.57,0,
852,Member177,Shop2,Location1,2029-10-04 05:38:07,370.97,1,2029-10-05 00:38:07
853,Member60,Shop5,Location4,2029-10-07 13:27:07,141.49,0,
854,Member20,Shop3,Location2,2029-10-11 00:01:07,296.54,1,2029-10-11 18:01:07
855,Member180,Shop2,Location2,2029-10-14 05:52:07,212.72,1,2029-10-14 18:52:07
856,Member89,Shop9,Location3,2029-10-16 11:33:07,401.58,1,2029-10-17 09:33:07
857,Member39,Shop7,Location1,2029-10-18 22:43:07,84.74,1,2029-10-19 16:43:07
858,Member92,Shop3,Location1,2029-10-22 09:20:07,223.05,1,2029-10-23 02:20:07
859,Member171,Shop7,Location1,2029-10-25 20:07:07,149.19,0,
860,Member119,Shop2,Location3,2029-10-28 08:42:07,88.79,0,
861,Member42,Shop8,Location3,2029-10-29 10:11:07,29.98,0,
862,Member112,Shop5,Location5,2029-10-31 12:46:07,183.1,1,2029-10-31 15:46:07
863,Member27,Shop10,Location3,2029-11-01 23:24:07,265.32,1,2029-11-02 10:24:07
864,Member131,Shop10,Location4,2029-11-03 06:47:07,745.06,1,2029-11-04 06:47:07
865,Member190,Shop10,Location2,2029-11-06 14:32:07,287.01,1,2029-11-06 19:32:07
866,Member24,Shop7,Location3,2029-11-09 01:03:07,75.81,1,2029-11-09 12:03:07
867,Member92,Shop5,Location1,2029-11-11 05:37:07,527.57,1,2029-11-11 17:37:07
868,Member68,Shop8,Location5,2029-11-13 12:06:07,378.7,1,2029-11-13 22:06:07
869,Member167,Shop9,Location3,2029-11-15 23:59:07,170.15,0,
870,Member30,Shop2,Location2,2029-11-19 04:48:07,53.54,0,
871,Member82,Shop8,Location3,2029-11-21 09:34:07,500.39,0,
872,Member57,Shop9,Location4,2029-11-24 20:59:07,395.4,1,2029-11-25 02:59:07
873,Member125,Shop3,Location1,2029-11-28 06:17:07,126.78,0,
874,Member26,Shop7,Location3,2029-11-29 17:30:07,84.4,0,
875,Member149,Shop8,Location3,2029-11-30 21:16:07,707.46,1,2029-12-01 01:16:07
876,Member115,Shop3,Location5,2029-12-03 22:40:07,575.08,1,2029-12-04 17:40:07
877,Member118,Shop4,Location3,2029-12-07 02:30:07,348.16,0,
878,Member193,Shop10,Location4,2029-12-08 09:16:07,251.43,1,2029-12-08 13:16:07
879,Member1,Shop5,Location3,2029-12-10 19:33:07,635.34,0,
880,Member89,Shop4,Location4,2029-12-12 22:08:07,450.04,1,2029-12-12 22:08:07
881,Member85,Shop4,Location1,2029-12-14 09:36:07,345.39,1,2029-12-15 08:36:07
882,Member53,Shop4,Location5,2029-12-15 11:16:07,782.83,1,2029-12-15 18:16:07
883,Member65,Shop3,Location1,2029-12-16 23:37:07,496.05,0,
884,Member121,Shop9,Location2,2029-12-20 05:00:07,414.05,1,2029-12-21 01:00:07
885,Member65,Shop1,Location1,2029-12-21 10:45:07,239.98,0,
886,Member167,Shop8,Location5,2029-12-22 16:38:07,114.1,0,
887,Member22,Shop1,Location3,2029-12-24 03:08:07,177.49,1,2029-12-24 21:08:07
888,Member141,Shop1,Location5,2029-12-26 11:29:07,82.02,0,
889,Member88,Shop5,Location2,2029-12-29 16:18:07,429.06,0,
890,Member94,Shop8,Location2,2030-01-01 18:31:07,29.98,1,2030-01-02 02:31:07
891,Member164,Shop1,Location2,2030-01-03 02:18:07,189.69,0,
892,Member79,Shop3,Location3,2030-01-04 09:59:07,427.88,1,2030-01-04 19:59:07
893,Member184,Shop1,Location2,2030-01-07 12:42:07,219.24,1,2030-01-08 12:42:07
894,Member161,Shop2,Location5,2030-01-08 13:56:07,580.57,1,2030-01-08 13:56:07
895,Member183,Shop1,Location3,2030-01-10 23:44:07,225.25,1,2030-01-11 06:44:07
896,Member92,Shop3,Location2,2030-01-12 07:15:07,440.51,0,
897,Member11,Shop10,Location1,2030-01-14 17:10:07,505.72,0,
898,Member125,Shop3,Location5,2030-01-18 04:43:07,249.32,1,2030-01-18 14:43:07
899,Member117,Shop8,Location5,2030-01-21 11:41:07,165.06,1,2030-01-22 00:41:07
900,Member67,Shop8,Location3,2030-01-24 00:28:07,638.4,1,2030-01-24 12:28:07
901,Member135,Shop8,Location4,2030-01-25 04:24:07,706.47,0,
902,Member26,Shop10,Location5,2030-01-28 07:43:07,78.1,0,
903,Member180,Shop3,Location3,2030-01-30 16:11:07,432.63,1,2030-01-30 18:11:07
904,Member169,Shop3,Location4,2030-02-01 00:04:07,366.41,1,2030-02-01 23:04:07
905,Member141,Shop6,Location3,2030-02-02 03:01:07,245.82,1,2030-02-02 07:01:07
906,Member175,Shop5,Location1,2030-02-05 07:23:07,126.42,1,2030-02-05 09:23:07
907,Member160,Shop8,Location4,2030-02-06 08:33:07,502.28,0,
908,Member14,Shop4,Location1,2030-02-07 19:22:07,649.02,0,
909,Member140,Shop1,Location2,2030-02-09 22:41:07,556.93,0,
910,Member104,Shop8,Location4,2030-02-13 09:20:07,290.15,0,
911,Member59,Shop1,Location3,2030-02-15 12:59:07,595.95,0,
912,Member67,Shop5,Location4,2030-02-17 23:47:07,680.09,1,2030-02-18 01:47:07
913,Member29,Shop7,Location2,2030-02-19 08:58:07,322.4,0,
914,Member139,Shop2,Location2,2030-02-21 17:39:07,363.34,1,2030-02-22 17:39:07
915,Member1,Shop6,Location2,2030-02-24 21:33:07,74.28,0,
916,Member159,Shop7,Location3,2030-02-26 03:07:07,465.65,0,
917,Member7,Shop7,Location4,2030-02-28 13:20:07,284.48,0,
918,Member120,Shop9,Location2,2030-03-01 15:15:07,327.33,1,2030-03-02 05:15:07
919,Member104,Shop6,Location2,2030-03-05 01:26:07,564.7,1,2030-03-05 17:26:07
920,Member102,Shop7,Location3,2030-03-08 09:18:07,92.42,1,2030-03-08 18:18:07
921,Member89,Shop7,Location1,2030-03-09 17:06:07,74.28,1,2030-03-10 02:06:07
922,Member167,Shop8,Location4,2030-03-11 01:31:07,349.96,1,2030-03-11 21:31:07
923,Member152,Shop6,Location4,2030-03-12 12:25:07,486.59,0,
924,Member21,Shop3,Location1,2030-03-13 19:46:07,541.13,1,2030-03-13 23:46:07
925,Member103,Shop6,Location2,2030-03-17 08:05:07,381.99,1,2030-03-18 08:05:07
926,Member108,Shop8,Location5,2030-03-19 20:34:07,47.73,1,2030-03-20 11:34:07
927,Member186,Shop9,Location3,2030-03-21 21:51:07,539.14,1,2030-03-22 09:51:07
928,Member169,Shop9,Location3,2030-03-25 09:33:07,639.78,0,
929,Member118,Shop9,Location3,2030-03-26 19:59:07,503.32,0,
930,Member7,Shop1,Location2,2030-03-28 03:50:07,251.34,1,2030-03-28 13:50:07
931,Member56,Shop7,Location5,2030-03-31 07:45:07,176.6,1,2030-04-01 03:45:07
932,Member152,Shop10,Location2,2030-04-02 11:45:07,106.08,0,
933,Member165,Shop2,Location2,2030-04-05 23:17:07,449.63,0,
934,Member132,Shop10,Location2,2030-04-07 00:54:07,366.45,0,
935,Member163,Shop9,Location4,2030-04-09 04:54:07,334.65,0,
936,Member134,Shop9,Location3,2030-04-11 09:14:07,345.84,1,2030-04-12 00:14:07
937,Member103,Shop10,Location2,2030-04-14 12:08:07,330.62,0,
938,Member115,Shop1,Location4,2030-04-16 13:46:07,614.22,1,2030-04-17 07:46:07
939,Member9,Shop1,Location2,2030-04-17 21:14:07,643.92,0,
940,Member46,Shop7,Location1,2030-04-21 03:43:07,73.35,1,2030-04-21 20:43:07
941,Member48,Shop3,Location2,2030-04-22 14:03:07,315.45,0,
942,Member170,Shop4,Location3,2030-04-24 15:24:07,85.26,1,2030-04-25 14:24:07
943,Member199,Shop3,Location1,2030-04-28 03:02:07,418.66,1,2030-04-28 23:02:07
944,Member146,Shop8,Location1,2030-05-01 07:44:07,235.93,0,
945,Member185,Shop9,Location2,2030-05-03 20:05:07,44.58,1,2030-05-03 22:05:07
946,Member13,Shop10,Location5,2030-05-07 05:48:07,221.32,1,2030-05-07 08:48:07
947,Member129,Shop6,Location5,2030-05-10 14:11:07,300.7,0,
948,Member99,Shop8,Location4,2030-05-12 18:53:07,614.36,0,
949,Member196,Shop8,Location5,2030-05-15 06:21:07,146.67,1,2030-05-16 04:21:07
950,Member72,Shop5,Location1,2030-05-18 14:09:07,518.97,1,2030-05-19 08:09:07
951,Member87,Shop6,Location3,2030-05-19 19:29:07,33.92,0,
952,Member134,Shop4,Location1,2030-05-23 00:41:07,33.92,0,
953,Member87,Shop9,Location1,2030-05-25 12:52:07,523.29,1,2030-05-26 06:52:07
954,Member41,Shop1,Location1,2030-05-26 18:46:07,502.93,0,
955,Member14,Shop3,Location2,2030-05-28 03:08:07,486.52,1,2030-05-29 00:08:07
956,Member55,Shop2,Location4,2030-05-30 08:31:07,697.79,0,
957,Member94,Shop6,Location2,2030-05-31 20:58:07,267.67,0,
958,Member49,Shop7,Location1,2030-06-03 09:32:07,244.66,0,
959,Member91,Shop5,Location2,2030-06-04 16:48:07,98.2,1,2030-06-05 00:48:07
960,Member179,Shop3,Location4,2030-06-06 20:41:07,536.86,1,2030-06-06 20:41:07
961,Member66,Shop6,Location5,2030-06-08 06:40:07,146.26,0,
962,Member3,Shop1,Location1,2030-06-11 16:30:07,842.44,0,
963,Member108,Shop1,Location2,2030-06-15 05:16:07,404.14,1,2030-06-16 03:16:07
964,Member13,Shop4,Location1,2030-06-16 10:34:07,189.31,0,
965,Member165,Shop2,Location3,2030-06-17 20:20:07,98.88,0,
966,Member157,Shop7,Location4,2030-06-19 22:33:07,226.62,0,
967,Member81,Shop3,Location2,2030-06-23 00:43:07,129.63,0,
968,Member166,Shop5,Location1,2030-06-24 04:14:07,135.86,0,
969,Member72,Shop3,Location3,2030-06-25 07:09:07,551.73,1,2030-06-25 12:09:07
970,Member63,Shop2,Location4,2030-06-26 16:39:07,485.67,1,2030-06-27 10:39:07
971,Member90,Shop8,Location4,2030-06-27 21:35:07,76.26,1,2030-06-28 18:35:07
972,Member83,Shop4,Location5,2030-07-01 06:46:07,384.89,0,
973,Member120,Shop3,Location5,2030-07-02 16:17:07,85.8,1,2030-07-03 16:17:07
974,Member66,Shop8,Location2,2030-07-03 19:41:07,600.72,1,2030-07-04 14:41:07
975,Member95,Shop9,Location4,2030-07-05 03:37:07,261.78,1,2030-07-05 09:37:07
976,Member64,Shop6,Location1,2030-07-07 05:29:07,402.09,1,2030-07-08 01:29:07
977,Member86,Shop4,Location2,2030-07-10 17:50:07,47.26,1,2030-07-11 11:50:07
978,Member83,Shop2,Location3,2030-07-14 06:42:07,333.37,0,
979,Member163,Shop10,Location5,2030-07-16 19:10:07,563.14,0,
980,Member42,Shop4,Location5,2030-07-20 05:31:07,501.66,1,2030-07-20 21:31:07
981,Member4,Shop7,Location3,2030-07-21 17:24:07,321.14,0,
982,Member77,Shop8,Location2,2030-07-24 05:42:07,217.12,0,
983,Member95,Shop1,Location3,2030-07-25 17:20:07,282.65,0,
984,Member93,Shop2,Location4,2030-07-29 03:16:07,395.56,1,2030-07-30 00:16:07
985,Member188,Shop6,Location4,2030-07-31 06:04:07,131.44,0,
986,Member194,Shop10,Location2,2030-08-01 15:32:07,307.92,1,2030-08-01 17:32:07
987,Member140,Shop5,Location1,2030-08-03 00:50:07,366.28,1,2030-08-03 00:50:07
988,Member71,Shop10,Location3,2030-08-06 06:34:07,93.75,0,
989,Member8,Shop7,Location3,2030-08-08 09:33:07,436.25,0,
990,Member73,Shop5,Location2,2030-08-11 11:27:07,624.52,0,
991,Member178,Shop10,Location2,2030-08-14 21:53:07,31.92,1,2030-08-15 05:53:07
992,Member72,Shop5,Location2,2030-08-15 23:15:07,79.38,0,
993,Member117,Shop3,Location1,2030-08-17 04:47:07,22.34,1,2030-08-18 01:47:07
994,Member173,Shop9,Location5,2030-08-20 16:33:07,593.73,0,
995,Member189,Shop4,Location3,2030-08-21 19:47:07,529.64,0,
996,Member101,Shop4,Location5,2030-08-23 23:02:07,126.42,0,
997,Member2,Shop10,Location5,2030-08-25 03:21:07,188.24,0,
998,Member115,Shop6,Location2,2030-08-28 05:39:07,41.01,1,2030-08-28 23:39:07
999,Member23,Shop10,Location1,2030-08-29 16:02:07,524.01,1,2030-08-30 11:02:07
1000,Member42,Shop3,Location4,2030-09-02 04:13:07,473.2,1,2030-09-02 15:13:07
